[
    {
        "url": "http://dosairnowdata.org/dos/RSS/AbuDhabi/AbuDhabi-PM2.5.xml",
        "adapter": "stateair",
        "name": "StateAir_AbuDhabi",
        "city": "Abu Dhabi",
        "country": "AE",
        "description": "",
        "sourceURL": "http://stateair.net/dos/",
        "contacts": [
            "info@openaq.org"
        ],
        "active": true
    },
    {
        "url": "http://dosairnowdata.org/dos/RSS/Dubai/Dubai-PM2.5.xml",
        "adapter": "stateair",
        "name": "StateAir_Dubai",
        "city": "Dubai",
        "country": "AE",
        "description": "",
        "sourceURL": "http://stateair.net/dos/",
        "contacts": [
            "info@openaq.org"
        ],
        "active": true
    },
    {
        "url": "https://www.adairquality.ae/AirQualityService/RestServiceImpl.svc/Json/",
        "adapter": "adairquality",
        "name": "adairquality-ae",
        "city": "",
        "country": "AE",
        "description": "",
        "sourceURL": "https://www.adairquality.ae/#/",
        "contacts": [
            "info@openaq.org"
        ],
        "active": true
    }
]
