[
    {
        "url": "http://www.buenosaires.gob.ar/areas/med_ambiente/apra/calidad_amb/red_monitoreo/index.php?",
        "adapter": "buenos-aires",
        "name": "Buenos Aires",
        "country": "AR",
        "city": "Buenos Aires",
        "description": "Air quality data for Buenos Aires",
        "sourceURL": "http://www.buenosaires.gob.ar/agenciaambiental",
        "license": "CC BY 2.5",
        "licenseURL": "https://creativecommons.org/licenses/by/2.5/",
        "contacts": [
            "info@openaq.org"
        ],
        "active": true
    },
    {
        "url": "http://jmb.acumar.gov.ar/calidad/contaminantes.php",
        "adapter": "acumar",
        "name": "acumar",
        "city": "",
        "country": "PE",
        "description": "Autoridad de Cuenca Matanza Riachuelo (ACUMAR)",
        "sourceURL": "http://jmb.acumar.gov.ar/calidad/contaminantesEmcII.php",
        "contacts": [
            "info@openaq.org"
        ],
        "active": true
    }
]
