[
    {
        "url": "http://airquality.environment.nsw.gov.au/aquisnetnswphp/getPage.php?reportid=2",
        "adapter": "nsw",
        "name": "Australia - New South Wales",
        "city": "",
        "country": "AU",
        "description": "Measurements from the State of New South Wales (Department of Planning, Industry and Environment).",
        "resolution": "1 hr",
        "sourceURL": "https://www.dpie.nsw.gov.au/air-quality/air-quality-concentration-data-updated-hourly",
        "contacts": [
            "info@openaq.org",
            "olaf@developmentseed.org"
        ],
        "active": false
    },
    {
        "url": "https://apps.des.qld.gov.au/air-quality/xml/feed.php?category=1&region=ALL",
        "adapter": "queensland",
        "name": "Australia - Queensland",
        "city": "",
        "country": "AU",
        "description": "Measurements from The State of Queensland (Department of Environment and Science).",
        "resolution": "1 hr",
        "sourceURL": "https://data.qld.gov.au/dataset/air-quality-monitoring-live-data-feed/resource/50410fbe-8766-45cd-a259-c4c1f3c89dd1",
        "contacts": [
            "info@openaq.org"
        ],
        "active": true
    },
    {
        "url": "https://epa.tas.gov.au/Air/Live/EPA_tas_latest_particle_data.txt",
        "adapter": "tasmania",
        "name": "Australia - Tasmania",
        "city": "Tasmania Region",
        "country": "AU",
        "description": "Measurements from Tasmanian EPA BLANkET air monitoring network, Australia.",
        "resolution": "10 min",
        "sourceURL": "http://epa.tas.gov.au/epa/air/monitoring-air-pollution/air-pollution-data",
        "contacts": [
            "info@openaq.org",
            "bryce@esonica.com"
        ],
        "active": true
    },
    {
        "url": "https://www.epa.sa.gov.au/air_quality/rss",
        "adapter": "southaustralia",
        "name": "south-australia-epa",
        "country": "AU",
        "resolution": "1 hr",
        "sourceURL": "https://data.sa.gov.au/data/dataset/recent-air-quality",
        "contacts": [
            "info@openaq.org"
        ],
        "license": "Creative Commons Attribution 4.0 License. © Copyright 2023",
        "active": false
    },
    {
        "url": "https://www.data.act.gov.au/api/id/94a5-zqnn.json",
        "adapter": "au_act",
        "name": "Australia - ACT",
        "city": "Canberra",
        "country": "AU",
        "description": "",
        "resolution": "1 hr",
        "sourceURL": "https://www.health.act.gov.au/about-our-health-system/population-health/environmental-monitoring/monitoring-and-regulating-air",
        "contacts": [
            "info@openaq.org"
        ],
        "active": true
    },
    {
        "url": "https://gateway.api.epa.vic.gov.au/environmentMonitoring/v1/sites?environmentalSegment=air",
        "adapter": "au_vic",
        "name": "Australia - Victoria",
        "country": "AU",
        "description": "EPA AirWatch, Victoria, Australia's air quality information.",
        "resolution": "1 hr",
        "type": "government",
        "sourceURL": "https://www.epa.vic.gov.au/EPAAirWatch",
        "contacts": [
            "info@openaq.org"
        ],
        "active": true
    }
]
