[
    {
        "url": "http://www.fhmzbih.gov.ba/latinica/AKTUELNI/zrak2.php",
        "adapter": "fhmzbih",
        "name": "Bosnia",
        "country": "BA",
        "description": "",
        "sourceURL": "http://www.fhmzbih.gov.ba/latinica/AKTUELNI/A-zrak.php",
        "contacts": [
            "info@openaq.org"
        ],
        "active": false
    },
    {
        "url": "http://www.fhmzbih.gov.ba/latinica/ZRAK/vrijednostiPolutanata.php",
        "adapter": "fhmzbih2",
        "name": "Bosnia2",
        "country": "BA",
        "description": "URL no longer works - 2022-03-24",
        "sourceURL": "http://www.fhmzbih.gov.ba/latinica/ZRAK/vrijednostiPolutanata.php",
        "contacts": [
            "info@openaq.org"
        ],
        "active": false
    },
    {
        "url": "http://monitoringzrakatk.info/",
        "adapter": "tuzlanski",
        "name": "Bosnia_Tuzlanski",
        "country": "BA",
        "description": "",
        "sourceURL": "http://monitoringzrakatk.info/",
        "contacts": [
            "info@openaq.org"
        ],
        "active": false
    },
    {
        "url": "http://dosairnowdata.org/dos/RSS/Sarajevo/Sarajevo-PM2.5.xml",
        "adapter": "stateair",
        "name": "Sarajevo",
        "city": "Sarajevo",
        "country": "BA",
        "description": "",
        "sourceURL": "https://airnow.gov/",
        "contacts": [
            "info@openaq.org"
        ],
        "active": true
    }
]
