[
    {
        "url": "https://qualar.cetesb.sp.gov.br/qualar",
        "adapter": "saopaulo",
        "name": "Sao Paulo CETESB",
        "city": "Sao Paulo",
        "country": "BR",
        "description": "",
        "resolution": "1 hr",
        "sourceURL": "http://sistemasinter.cetesb.sp.gov.br/Ar/php/ar_dados_horarios.php",
        "contacts": [
            "info@openaq.org"
        ],
        "active": false
    },
    {
        "url": "https://jeap.rio.rj.gov.br/je-metinfosmac/portalV2/estacao",
        "adapter": "rio-de-janeiro",
        "name": "rio-city-hall",
        "city": "Rio De Janeiro",
        "country": "BR",
        "description": "",
        "resolution": "1 hr",
        "timeout": 40000,
        "retries": 0,
        "sourceURL": "https://jeap.rio.rj.gov.br/je-metinfosmac/portalV2/estacao",
        "contacts": [
            "info@openaq.org"
        ],
        "active": true
    }
]
