[
    {
        "url": "http://www.stateair.net/web/rss/1/1.xml",
        "adapter": "beijing",
        "name": "Beijing US Embassy",
        "city": "Beijing",
        "country": "CN",
        "description": "",
        "resolution": "1 hr",
        "sourceURL": "http://www.stateair.net/web/post/1/1.html",
        "contacts": [
            "info@openaq.org"
        ],
        "active": false
    },
    {
        "url": "http://www.stateair.net/web/rss/1/2.xml",
        "adapter": "beijing",
        "name": "Chengdu",
        "city": "Chengdu",
        "country": "CN",
        "description": "",
        "resolution": "1 hr",
        "sourceURL": "http://www.stateair.net/web/post/1/2.html",
        "contacts": [
            "info@openaq.org"
        ],
        "active": false
    },
    {
        "url": "http://www.stateair.net/web/rss/1/3.xml",
        "adapter": "beijing",
        "name": "Guangzhou",
        "city": "Guangzhou",
        "country": "CN",
        "description": "",
        "resolution": "1 hr",
        "sourceURL": "http://www.stateair.net/web/post/1/3.html",
        "contacts": [
            "info@openaq.org"
        ],
        "active": false
    },
    {
        "url": "http://www.stateair.net/web/rss/1/4.xml",
        "adapter": "beijing",
        "name": "Shanghai",
        "city": "Shanghai",
        "country": "CN",
        "description": "",
        "resolution": "1 hr",
        "sourceURL": "http://www.stateair.net/web/post/1/4.html",
        "contacts": [
            "info@openaq.org"
        ],
        "active": false
    },
    {
        "url": "http://www.stateair.net/web/rss/1/5.xml",
        "adapter": "beijing",
        "name": "Shenyang",
        "city": "Shenyang",
        "country": "CN",
        "description": "",
        "resolution": "1 hr",
        "sourceURL": "http://www.stateair.net/web/post/1/5.html",
        "contacts": [
            "info@openaq.org"
        ],
        "active": false
    },
    {
        "url": "s3://openaq-chinaaqidata/airnow.json",
        "adapter": "chinaaqidata",
        "name": "ChinaAQIData",
        "city": "",
        "country": "CN",
        "description": "Data from China National Environmental Monitoring Centre",
        "resolution": "1 hr",
        "sourceURL": "http://www.cnemc.cn/",
        "contacts": [
            "info@openaq.org"
        ],
        "active": false
    },
    {
        "url": "http://aepb.gov.cn/pages/Aepb15_SJZX_Air.aspx?CityCode=340100",
        "adapter": "anhui",
        "name": "Hefei",
        "city": "Hefei",
        "country": "CN",
        "description": "Data from the Envoirnmental Protection Department of Anhui Province",
        "resolution": "1 hr",
        "sourceURL": "http://aepb.gov.cn/pages/Aepb15_SJZX_Air.aspx?CityCode=340100",
        "contacts": [
            "elilitwack+openaq@gmail.com",
            "info@openaq.org"
        ],
        "active": false
    },
    {
        "url": "http://aepb.gov.cn/pages/Aepb15_SJZX_Air.aspx?CityCode=340600",
        "adapter": "anhui",
        "name": "Huaibei",
        "city": "Huaibei",
        "country": "CN",
        "description": "Data from the Envoirnmental Protection Department of Anhui Province",
        "resolution": "1 hr",
        "sourceURL": "http://aepb.gov.cn/pages/Aepb15_SJZX_Air.aspx?CityCode=340600",
        "contacts": [
            "elilitwack+openaq@gmail.com",
            "info@openaq.org"
        ],
        "active": false
    },
    {
        "url": "http://aepb.gov.cn/pages/Aepb15_SJZX_Air.aspx?CityCode=341600",
        "adapter": "anhui",
        "name": "Bozhou",
        "city": "Bozhou",
        "country": "CN",
        "description": "Data from the Envoirnmental Protection Department of Anhui Province",
        "resolution": "1 hr",
        "sourceURL": "http://aepb.gov.cn/pages/Aepb15_SJZX_Air.aspx?CityCode=341600",
        "contacts": [
            "elilitwack+openaq@gmail.com",
            "info@openaq.org"
        ],
        "active": false
    },
    {
        "url": "http://aepb.gov.cn/pages/Aepb15_SJZX_Air.aspx?CityCode=341300",
        "adapter": "anhui",
        "name": "Suzhou",
        "city": "Suzhou",
        "country": "CN",
        "description": "Data from the Envoirnmental Protection Department of Anhui Province",
        "resolution": "1 hr",
        "sourceURL": "http://aepb.gov.cn/pages/Aepb15_SJZX_Air.aspx?CityCode=341300",
        "contacts": [
            "elilitwack+openaq@gmail.com",
            "info@openaq.org"
        ],
        "active": false
    },
    {
        "url": "http://aepb.gov.cn/pages/Aepb15_SJZX_Air.aspx?CityCode=340300",
        "adapter": "anhui",
        "name": "Bengbu",
        "city": "Bengbu",
        "country": "CN",
        "description": "Data from the Envoirnmental Protection Department of Anhui Province",
        "resolution": "1 hr",
        "sourceURL": "http://aepb.gov.cn/pages/Aepb15_SJZX_Air.aspx?CityCode=340300",
        "contacts": [
            "elilitwack+openaq@gmail.com",
            "info@openaq.org"
        ],
        "active": false
    },
    {
        "url": "http://aepb.gov.cn/pages/Aepb15_SJZX_Air.aspx?CityCode=341200",
        "adapter": "anhui",
        "name": "Fuyang",
        "city": "Fuyang",
        "country": "CN",
        "description": "Data from the Envoirnmental Protection Department of Anhui Province",
        "resolution": "1 hr",
        "sourceURL": "http://aepb.gov.cn/pages/Aepb15_SJZX_Air.aspx?CityCode=341200",
        "contacts": [
            "elilitwack+openaq@gmail.com",
            "info@openaq.org"
        ],
        "active": false
    },
    {
        "url": "http://aepb.gov.cn/pages/Aepb15_SJZX_Air.aspx?CityCode=340400",
        "adapter": "anhui",
        "name": "Huainan",
        "city": "Huainan",
        "country": "CN",
        "description": "Data from the Envoirnmental Protection Department of Anhui Province",
        "resolution": "1 hr",
        "sourceURL": "http://aepb.gov.cn/pages/Aepb15_SJZX_Air.aspx?CityCode=340400",
        "contacts": [
            "elilitwack+openaq@gmail.com",
            "info@openaq.org"
        ],
        "active": false
    },
    {
        "url": "http://aepb.gov.cn/pages/Aepb15_SJZX_Air.aspx?CityCode=341100",
        "adapter": "anhui",
        "name": "Chuzhou",
        "city": "Chuzhou",
        "country": "CN",
        "description": "Data from the Envoirnmental Protection Department of Anhui Province",
        "resolution": "1 hr",
        "sourceURL": "http://aepb.gov.cn/pages/Aepb15_SJZX_Air.aspx?CityCode=341100",
        "contacts": [
            "elilitwack+openaq@gmail.com",
            "info@openaq.org"
        ],
        "active": false
    },
    {
        "url": "http://aepb.gov.cn/pages/Aepb15_SJZX_Air.aspx?CityCode=341500",
        "adapter": "anhui",
        "name": "Lu'an",
        "city": "Lu'an",
        "country": "CN",
        "description": "Data from the Envoirnmental Protection Department of Anhui Province",
        "resolution": "1 hr",
        "sourceURL": "http://aepb.gov.cn/pages/Aepb15_SJZX_Air.aspx?CityCode=341500",
        "contacts": [
            "elilitwack+openaq@gmail.com",
            "info@openaq.org"
        ],
        "active": false
    },
    {
        "url": "http://aepb.gov.cn/pages/Aepb15_SJZX_Air.aspx?CityCode=340500",
        "adapter": "anhui",
        "name": "Ma'anshan",
        "city": "Ma'anshan",
        "country": "CN",
        "description": "Data from the Envoirnmental Protection Department of Anhui Province",
        "resolution": "1 hr",
        "sourceURL": "http://aepb.gov.cn/pages/Aepb15_SJZX_Air.aspx?CityCode=340500",
        "contacts": [
            "elilitwack+openaq@gmail.com",
            "info@openaq.org"
        ],
        "active": false
    },
    {
        "url": "http://aepb.gov.cn/pages/Aepb15_SJZX_Air.aspx?CityCode=340200",
        "adapter": "anhui",
        "name": "Wuhu",
        "city": "Wuhu",
        "country": "CN",
        "description": "Data from the Envoirnmental Protection Department of Anhui Province",
        "resolution": "1 hr",
        "sourceURL": "http://aepb.gov.cn/pages/Aepb15_SJZX_Air.aspx?CityCode=340200",
        "contacts": [
            "elilitwack+openaq@gmail.com",
            "info@openaq.org"
        ],
        "active": false
    },
    {
        "url": "http://aepb.gov.cn/pages/Aepb15_SJZX_Air.aspx?CityCode=341800",
        "adapter": "anhui",
        "name": "Xuancheng",
        "city": "Xuancheng",
        "country": "CN",
        "description": "Data from the Envoirnmental Protection Department of Anhui Province",
        "resolution": "1 hr",
        "sourceURL": "http://aepb.gov.cn/pages/Aepb15_SJZX_Air.aspx?CityCode=341800",
        "contacts": [
            "elilitwack+openaq@gmail.com",
            "info@openaq.org"
        ],
        "active": false
    },
    {
        "url": "http://aepb.gov.cn/pages/Aepb15_SJZX_Air.aspx?CityCode=340700",
        "adapter": "anhui",
        "name": "Tongling",
        "city": "Tongling",
        "country": "CN",
        "description": "Data from the Envoirnmental Protection Department of Anhui Province",
        "resolution": "1 hr",
        "sourceURL": "http://aepb.gov.cn/pages/Aepb15_SJZX_Air.aspx?CityCode=340700",
        "contacts": [
            "elilitwack+openaq@gmail.com",
            "info@openaq.org"
        ],
        "active": false
    },
    {
        "url": "http://aepb.gov.cn/pages/Aepb15_SJZX_Air.aspx?CityCode=341700",
        "adapter": "anhui",
        "name": "Chizhou",
        "city": "Chizhou",
        "country": "CN",
        "description": "Data from the Envoirnmental Protection Department of Anhui Province",
        "resolution": "1 hr",
        "sourceURL": "http://aepb.gov.cn/pages/Aepb15_SJZX_Air.aspx?CityCode=341700",
        "contacts": [
            "elilitwack+openaq@gmail.com",
            "info@openaq.org"
        ],
        "active": false
    },
    {
        "url": "http://aepb.gov.cn/pages/Aepb15_SJZX_Air.aspx?CityCode=340800",
        "adapter": "anhui",
        "name": "Anqing",
        "city": "Anqing",
        "country": "CN",
        "description": "Data from the Envoirnmental Protection Department of Anhui Province",
        "resolution": "1 hr",
        "sourceURL": "http://aepb.gov.cn/pages/Aepb15_SJZX_Air.aspx?CityCode=340800",
        "contacts": [
            "elilitwack+openaq@gmail.com",
            "info@openaq.org"
        ],
        "active": false
    },
    {
        "url": "http://aepb.gov.cn/pages/Aepb15_SJZX_Air.aspx?CityCode=341000",
        "adapter": "anhui",
        "name": "Huangshan",
        "city": "Huangshan",
        "country": "CN",
        "description": "Data from the Envoirnmental Protection Department of Anhui Province",
        "resolution": "1 hr",
        "sourceURL": "http://aepb.gov.cn/pages/Aepb15_SJZX_Air.aspx?CityCode=341000",
        "contacts": [
            "elilitwack+openaq@gmail.com",
            "info@openaq.org"
        ],
        "active": false
    }
]
