[
    {
        "url": "http://dosairnowdata.org/dos/RSS/Bogota/Bogota-PM2.5.xml",
        "adapter": "stateair",
        "name": "StateAir_Bogota",
        "city": "Bogota",
        "country": "CO",
        "description": "",
        "sourceURL": "https://airnow.gov/",
        "contacts": [
            "info@openaq.org"
        ],
        "active": true
    },
    {
        "url": "https://siata.gov.co/",
        "adapter": "medellin",
        "name": "Medellin",
        "city": "Medellin",
        "country": "CO",
        "description": "Sistema de Alerta Temprana de Medellín y el Valle de Aburrá - SIATA",
        "sourceURL": "https://siata.gov.co/",
        "contacts": [
            "info@openaq.org"
        ],
        "active": true
    },
    {
        "url": "http://api-aire.ambientebogota.gov.co/api/sda/openAq",
        "adapter": "bogota",
        "name": "Bogota",
        "city": "Bogota",
        "country": "CO",
        "description": "Secretaria Distrital de Ambiente",
        "sourceURL": "http://www.ambientebogota.gov.co/",
        "contacts": [
            "info@openaq.org"
        ],
        "active": false,
        "notes": "Seems to be down. Last record I see is from April 1, 2022"
    }
]
