[
    {
        "url": "https://discomap.eea.europa.eu/map/fme/latest/",
        "adapter": "eea-direct",
        "name": "EEA Estonia",
        "city": "",
        "country": "EE",
        "description": "Estonian data from UTD service",
        "sourceURL": "http://www.eea.europa.eu/themes/air/air-quality",
        "contacts": [
            "info@openaq.org"
        ],
        "active": false
    },
    {
        "adapter": "eea-utdviewer",
        "name": "eea",
        "description": "EEA data from UTD service",
        "contacts": [
            "info@openaq.org"
        ],
        "active": true
    }
]
