[
    {
        "url": "https://uk-air.defra.gov.uk/latest/currentlevels",
        "adapter": "defra",
        "name": "DEFRA",
        "country": "GB",
        "description": "",
        "sourceURL": "https://uk-air.defra.gov.uk/latest/currentlevels",
        "contacts": [
            "info@openaq.org"
        ],
        "active": true
    },
    {
        "url": "http://api.erg.ic.ac.uk",
        "adapter": "laqn",
        "name": "London Air Quality Network",
        "country": "GB",
        "description": "Environmental Research Group",
        "sourceURL": "http://api.erg.ic.ac.uk/AirQuality/Information/Documentation/pdf",
        "contacts": ["info@openaq.org"],
        "active": true
    }
]
