[
    {
        "url": "https://discomap.eea.europa.eu/map/fme/latest/",
        "adapter": "eea-direct",
        "name": "EEA Hungary",
        "city": "",
        "country": "HU",
        "description": "Hungarian data from UTD service",
        "sourceURL": "http://www.eea.europa.eu/themes/air/air-quality",
        "contacts": [
            "info@openaq.org"
        ],
        "active": false
    },
    {
        "url": "https://legszennyezettseg.met.hu/api/terkep/",
        "adapter": "hungary",
        "name": "hungary-nms",
        "city": "",
        "country": "HU",
        "description": "Hungarian data from UTD service",
        "sourceURL": "https://legszennyezettseg.met.hu/",
        "contacts": [
            "info@openaq.org"
        ],
        "active": true
    }
]