[
    {
        "url": "http://dosairnowdata.org/dos/RSS/JakartaSouth/JakartaSouth-PM2.5.xml",
        "adapter": "stateair",
        "name": "StateAir_JakartaSouth",
        "city": "Jakarta",
        "country": "ID",
        "description": "",
        "sourceURL": "https://airnow.gov/",
        "contacts": [
            "info@openaq.org"
        ],
        "active": true
    },
    {
        "url": "http://dosairnowdata.org/dos/RSS/JakartaCentral/JakartaCentral-PM2.5.xml",
        "adapter": "stateair",
        "name": "StateAir_JakartaCentral",
        "city": "Jakarta",
        "country": "ID",
        "description": "",
        "sourceURL": "https://airnow.gov/",
        "contacts": [
            "info@openaq.org"
        ],
        "active": true
    }
]
