[
    {
        "url": "https://app.cpcbccr.com/caaqms/caaqms_landing_map_all",
        "adapter": "caaqm",
        "name": "caaqm",
        "city": "",
        "country": "IN",
        "description": "",
        "sourceURL": "https://app.cpcbccr.com/ccr/#/caaqm-dashboard-all/caaqm-landing",
        "contacts": [
            "info@openaq.org"
        ],
        "active": false
    },
    {
        "url": "https://api.data.gov.in/resource/3b01bcb8-0b14-4abf-b6f2-c1bfd384ba69",
        "adapter": "data_gov_in",
        "name": "data.gov.in",
        "city": "",
        "country": "IN",
        "description": "",
        "sourceURL": "https://data.gov.in/resources/real-time-air-quality-index-various-locations",
        "contacts": [
            "info@openaq.org"
        ],
        "active": false
    },
    {
        "url": "http://dosairnowdata.org/dos/RSS/Chennai/Chennai-PM2.5.xml",
        "adapter": "stateair",
        "name": "StateAir_Chennai",
        "city": "Chennai",
        "country": "IN",
        "description": "",
        "sourceURL": "https://airnow.gov/",
        "contacts": [
            "info@openaq.org"
        ],
        "active": true
    },
    {
        "url": "http://dosairnowdata.org/dos/RSS/Hyderabad/Hyderabad-PM2.5.xml",
        "adapter": "stateair",
        "name": "StateAir_Hyderabad",
        "city": "Hyderabad",
        "country": "IN",
        "description": "",
        "sourceURL": "https://airnow.gov/",
        "contacts": [
            "info@openaq.org"
        ],
        "active": true
    },
    {
        "url": "http://dosairnowdata.org/dos/RSS/Kolkata/Kolkata-PM2.5.xml",
        "adapter": "stateair",
        "name": "StateAir_Kolkata",
        "city": "Kolkata",
        "country": "IN",
        "description": "",
        "sourceURL": "https://airnow.gov/",
        "contacts": [
            "info@openaq.org"
        ],
        "active": true
    },
    {
        "url": "http://dosairnowdata.org/dos/RSS/Mumbai/Mumbai-PM2.5.xml",
        "adapter": "stateair",
        "name": "StateAir_Mumbai",
        "city": "Mumbai",
        "country": "IN",
        "description": "",
        "sourceURL": "https://airnow.gov/",
        "contacts": [
            "info@openaq.org"
        ],
        "active": true
    },
    {
        "url": "http://dosairnowdata.org/dos/RSS/NewDelhi/NewDelhi-PM2.5.xml",
        "adapter": "stateair",
        "name": "StateAir_NewDelhi",
        "city": "Delhi",
        "country": "IN",
        "description": "",
        "sourceURL": "https://airnow.gov/",
        "contacts": [
            "info@openaq.org"
        ],
        "active": true
    },
    {
        "url": "http://www.cpcb.gov.in/CAAQM/mapPage/frmindiamap.aspx",
        "adapter": "cpcb",
        "name": "CPCB",
        "city": "",
        "country": "IN",
        "description": "",
        "sourceURL": "http://www.cpcb.gov.in/CAAQM/mapPage/frmindiamap.aspx",
        "contacts": [
            "info@openaq.org"
        ],
        "active": false
    },
    {
        "url": "http://www.dpccairdata.com/dpccairdata/display/pbView15MinData.php",
        "adapter": "india",
        "name": "Punjabi Bagh",
        "city": "Delhi",
        "country": "IN",
        "description": "",
        "resolution": "15 min",
        "sourceURL": "http://www.dpccairdata.com/dpccairdata/display/index.php",
        "contacts": [
            "info@openaq.org"
        ],
        "active": false
    },
    {
        "url": "http://www.dpccairdata.com/dpccairdata/display/mmView15MinData.php",
        "adapter": "india",
        "name": "Mandir Marg",
        "city": "Delhi",
        "country": "IN",
        "description": "",
        "resolution": "15 min",
        "sourceURL": "http://www.dpccairdata.com/dpccairdata/display/index.php",
        "contacts": [
            "info@openaq.org"
        ],
        "active": false
    },
    {
        "url": "http://www.dpccairdata.com/dpccairdata/display/rkPuramView15MinData.php",
        "adapter": "india",
        "name": "RK Puram",
        "city": "Delhi",
        "country": "IN",
        "description": "",
        "resolution": "15 min",
        "sourceURL": "http://www.dpccairdata.com/dpccairdata/display/index.php",
        "contacts": [
            "info@openaq.org"
        ],
        "active": false
    },
    {
        "url": "http://www.dpccairdata.com/dpccairdata/display/avView15MinData.php",
        "adapter": "india",
        "name": "Anand Vihar",
        "city": "Delhi",
        "country": "IN",
        "description": "",
        "resolution": "15 min",
        "sourceURL": "http://www.dpccairdata.com/dpccairdata/display/index.php",
        "contacts": [
            "info@openaq.org"
        ],
        "active": false
    }
]
