[
    {
        "url": "http://files.airnowtech.org/",
        "adapter": "airnow-http",
        "name": "AirNow",
        "city": "",
        "country": "",
        "description": "AirNow adapter using files streamed over http",
        "sourceURL": "http://www.airnow.gov/",
        "contacts": [
            "info@openaq.org"
        ],
        "active": true
    },
    {
        "url": "http://data.spartan-network.org/GroupedBySite/",
        "adapter": "spartan",
        "name": "spartan-network",
        "city": "",
        "country": "",
        "description": "Spartan network reference grade monitors",
        "sourceURL": "http://data.spartan-network.org/",
        "contacts": [
            "info@openaq.org"
        ],
        "active": false
    }
]