[
  {
    "url": "http://www.arpalazio.net/main/aria/sci/annoincorso/chimici.php",
    "adapter": "arpalazio",
    "name": "ARPALAZIO",
    "country": "IT",
    "region": "Lazio",
    "description": "Air quality data from Lazio region, Italy",
    "sourceURL": "http://www.arpalazio.net/",
    "contacts": [
      "info@openaq.org"
    ],
    "active": true,
    "--comment1": "// metadata generated from https://raw.githubusercontent.com/jobonaf/calicantus/master/data/sites-info/metadata.ARPA-Lazio.csv",
    "metadata": {
      "2": { "name": "Preneste", "latitude": 41.886018, "longitude": 12.541614 },
      "3": { "name": "Francia", "latitude": 41.947447, "longitude": 12.469588 },
      "5": { "name": "Magna Grecia", "latitude": 41.883064, "longitude": 12.508939 },
      "8": { "name": "Cinecitta", "latitude": 41.85772, "longitude": 12.568665 },
      "10": { "name": "Colleferro-Oberdan", "latitude": 41.73084, "longitude": 13.00435 },
      "11": { "name": "Colleferro-Europa", "latitude": 41.72501, "longitude": 13.009575 },
      "14": { "name": "Allumiere", "latitude": 42.157741, "longitude": 11.908744 },
      "15": { "name": "Civitavecchia", "latitude": 42.091629, "longitude": 11.802466 },
      "16": { "name": "Guidonia", "latitude": 41.995679, "longitude": 12.726371 },
      "17": { "name": "Rieti 1", "latitude": 42.404093, "longitude": 12.858224 },
      "20": { "name": "Via Tasso", "latitude": 41.464025, "longitude": 12.913039 },
      "23": { "name": "Aprilia 2", "latitude": 41.595344, "longitude": 12.653581 },
      "27": { "name": "Ceccano", "latitude": 41.57, "longitude": 13.33719 },
      "28": { "name": "Ferentino", "latitude": 41.69, "longitude": 13.250411 },
      "29": { "name": "Anagni", "latitude": 41.75, "longitude": 13.149685 },
      "32": { "name": "Viterbo", "latitude": 42.422058, "longitude": 12.109125 },
      "35": { "name": "Alatri", "latitude": 41.73, "longitude": 13.338333 },
      "36": { "name": "Fontechiari", "latitude": 41.67, "longitude": 13.674472 },
      "37": { "name": "Leonessa", "latitude": 42.572593, "longitude": 12.961982 },
      "39": { "name": "Villa Ada", "latitude": 41.932874, "longitude": 12.506971 },
      "40": { "name": "Castel di Guido", "latitude": 41.889438, "longitude": 12.2663 },
      "41": { "name": "Cavaliere", "latitude": 41.929383, "longitude": 12.658363 },
      "45": { "name": "Ciampino", "latitude": 41.79788, "longitude": 12.607033 },
      "47": { "name": "Fermi", "latitude": 41.864194, "longitude": 12.469531 },
      "48": { "name": "Bufalotta", "latitude": 41.947649, "longitude": 12.533682 },
      "49": { "name": "Cipro", "latitude": 41.906358, "longitude": 12.447596 },
      "51": { "name": "Latina-Scalo", "latitude": 41.531431, "longitude": 12.946064 },
      "52": { "name": "Cassino", "latitude": 41.49, "longitude": 13.83069 },
      "55": { "name": "Tiburtina", "latitude": 41.910257, "longitude": 12.54887 },
      "56": { "name": "Arenula", "latitude": 41.89402, "longitude": 12.475368 },
      "57": { "name": "Malagrotta", "latitude": 41.874894, "longitude": 12.345598 },
      "59": { "name": "Acquapendente", "latitude": 42.736649, "longitude": 11.876578 },
      "60": { "name": "Civ. Porto", "latitude": 42.097053, "longitude": 11.788354 },
      "61": { "name": "Gaeta", "latitude": 41.223074, "longitude": 13.570481 },
      "62": { "name": "Frosinone Scalo", "latitude": 41.62, "longitude": 13.33081 },
      "63": { "name": "Viale De Chirico", "latitude": 41.451131, "longitude": 12.891731 },
      "71": { "name": "Frosinone Mazzini", "latitude": 41.639666, "longitude": 13.348913 },
      "83": { "name": "Civ. Villa Albani", "latitude": 42.099363, "longitude": 11.798061 },
      "84": { "name": "Civ. Via Morandi", "latitude": 42.086803, "longitude": 11.806498 },
      "85": { "name": "Civ. Via Roma", "latitude": 42.094147, "longitude": 11.795509 },
      "86": { "name": "Fiumicino Porto", "latitude": 41.774849, "longitude": 12.223413 },
      "87": { "name": "Fiumicino Villa Guglielmi", "latitude": 41.768189, "longitude": 12.237048 },
      "90": { "name": "Civita Castellana", "latitude": 42.3018, "longitude": 12.4132 },
      "101": { "name": "Aurelia", "latitude": 42.137344, "longitude": 11.793163 },
      "102": { "name": "S.Agostino", "latitude": 42.159947, "longitude": 11.742631 },
      "103": { "name": "Fiumaretta", "latitude": 42.102158, "longitude": 11.784358 },
      "104": { "name": "Faro", "latitude": 42.098903, "longitude": 11.817692 },
      "105": { "name": "Campo dell'Oro", "latitude": 42.081825, "longitude": 11.809336 },
      "106": { "name": "S.Gordiano", "latitude": 42.073608, "longitude": 11.815916 },
      "107": { "name": "Allumiere - v.Aldo Moro", "latitude": 42.160972, "longitude": 11.900022 },
      "108": { "name": "Tolfa", "latitude": 42.152227, "longitude": 11.93583 },
      "110": { "name": "Tarquinia", "latitude": 42.240389, "longitude": 11.766344 },
      "111": { "name": "Monte Romano", "latitude": 42.268561, "longitude": 11.910914 }
    }
  },
  {
    "url": "https://dati.arpae.it/dataset/qualita-dell-aria-rete-di-monitoraggio/resource/a1c46cfe-46e5-44b4-9231-7d9260a38e68",
    "adapter": "arpae",
    "name": "Arpae Emilia-Romagna",
    "country": "IT",
    "region": "Emilia-Romagna",
    "timezone": "Etc/GMT-1",
    "description": "Air quality data from Emilia-Romagna region, Italy",
    "sourceURL": "https://dati.arpae.it/",
    "contacts": [
      "info@openaq.org"
    ],
    "active": false
  },
  {
    "url": "https://discomap.eea.europa.eu/map/fme/latest/",
    "adapter": "eea-direct",
    "name": "EEA Italy",
    "city": "",
    "country": "IT",
    "description": "Italian data from EEA Direct service",
    "sourceURL": "http://www.eea.europa.eu/themes/air/air-quality",
    "contacts": [
      "info@openaq.org"
    ],
    "active": false
  }
]
