[
    {
        "url": "http://agaar.mn/aqdata/stationlist?period=h&language=en",
        "adapter": "agaar_mn",
        "name": "Agaar.mn",
        "city": "Ulaanbaatar",
        "country": "MN",
        "description": "",
        "resolution": "1 hr",
        "sourceURL": "http://agaar.mn/index",
        "contacts": [
            "info@openaq.org"
        ],
        "active": false
    },
    {
        "url": "http://dosairnowdata.org/dos/RSS/Ulaanbaatar/Ulaanbaatar-PM2.5.xml",
        "adapter": "stateair",
        "name": "StateAir_Ulaanbaatar",
        "city": "Ulaanbaatar",
        "country": "MN",
        "description": "",
        "sourceURL": "https://airnow.gov/",
        "contacts": [
            "info@openaq.org"
        ],
        "active": true
    },
    {
        "url": "http://tsag-agaar.gov.mn/observation/environment-monitoring/air-data",
        "adapter": "tsag-agaar",
        "name": "Tsag-Agaar.gov.mn",
        "country": "MN",
        "description": "",
        "sourceURL": "http://tsag-agaar.gov.mn",
        "timezone": "Asia/Ulaanbaatar",
        "contacts": [
            "info@openaq.org"
        ],
        "active": false
    }
]
