[
    {
        "url": "http://dosairnowdata.org/dos/RSS/Lima/Lima-PM2.5.xml",
        "adapter": "stateair",
        "name": "StateAir_Lima",
        "city": "Lima",
        "country": "PE",
        "description": "",
        "sourceURL": "https://airnow.gov/",
        "contacts": [
            "info@openaq.org"
        ],
        "active": true
    },
    {
        "url": "http://www.senamhi.gob.pe/",
        "adapter": "peruclima",
        "name": "Peru Clima",
        "city": "Lima",
        "country": "PE",
        "description": "",
        "sourceURL": "http://www.senamhi.gob.pe/?p=calidad-del-aire",
        "contacts": [
            "info@openaq.org"
        ],
        "active": false
    },
    {
        "url": "https://www.senamhi.gob.pe/mapas/mapa-ca-monitoreo/map_data_ca.php",
        "adapter": "senamhi",
        "name": "Senamhi",
        "city": "Lima",
        "country": "PE",
        "description": "",
        "sourceURL": "http://www.senamhi.gob.pe/?p=calidad-del-aire",
        "contacts": [
            "info@openaq.org"
        ],
        "active": true
    },
    {
        "url": "https://sistemas.oefa.gob.pe/openaq/backend/consulta/inf",
        "adapter": "peru",
        "name": "peru-oefa",
        "city": "Lima",
        "country": "PE",
        "description": "",
				"stationCount": 60,
        "sourceURL": "https://www.gob.pe/oefa",
        "contacts": [
            "info@openaq.org"
        ],
        "active": true
    }
]
