[
    {
        "url": "https://discomap.eea.europa.eu/map/fme/latest/",
        "adapter": "eea-direct",
        "name": "EEA Servia",
        "city": "",
        "country": "RS",
        "description": "Serbian data from EEA Direct service",
        "sourceURL": "http://www.eea.europa.eu/themes/air/air-quality",
        "contacts": [
            "info@openaq.org"
        ],
        "active": false
    },
    {
        "url": "http://www.amskv.sepa.gov.rs/konektori/get_json_connector_stations_map.php",
        "adapter": "serbia",
        "name": "serbia",
        "city": "",
        "country": "RS",
        "description": "Serbian data from NATIONAL NETWORK OF AUTOMATIC STATIONS FOR AIR QUALITY MONITORING",
        "sourceURL": "http://www.amskv.sepa.gov.rs/index.php",
        "contacts": [
            "info@openaq.org"
        ],
        "active": true
    }
]