[
    {
        "url": "http://slb.nu/slbanalys/luften-idag/",
        "adapter": "stockholm",
        "name": "Stockholm",
        "city": "Stockkholm",
        "country": "SE",
        "description": "Swedish data from SLB analys",
        "sourceURL": "http://slb.nu/slbanalys/luften-idag/",
        "contacts": [
            "info@openaq.org",
            "hufnagel@kth.se"
        ],
        "active": true
    },
    {
        "url": "https://discomap.eea.europa.eu/map/fme/latest/",
        "adapter": "eea-direct",
        "name": "EEA Sweden",
        "city": "",
        "country": "SE",
        "description": "Swedish data from EEA Direct service",
        "sourceURL": "http://www.eea.europa.eu/themes/air/air-quality",
        "contacts": [
            "info@openaq.org"
        ],
        "active": false
    }
]