[
    {
        "url": "http://index.havaizleme.gov.tr/Dynamic/0",
        "adapter": "Turkey",
        "name": "Turkey",
        "city": "",
        "country": "TR",
        "description": "Turkish data from National Air Quality Monitoring Network",
        "sourceURL": "http://index.havaizleme.gov.tr/Dynamic/0",
        "contacts": [
            "info@openaq.org"
        ],
        "active": false
    },
    {
        "url": "https://sim.csb.gov.tr/Services/GetAirQualityStations?type=0",
        "adapter": "turkiye",
        "name": "Turkiye",
        "city": "",
        "country": "TR",
        "description": "Turkey environment and urban ministry air quality data",
        "sourceURL": "https://sim.csb.gov.tr/SERVICES/airquality",
        "contacts": [
            "info@openaq.org"
        ],
        "active": false
    }
]
