[
    {
        "url": "http://ei.weblakes.com/RTTPublic/DshBrdStation/TSChartData?aStationKey=$station&aPeriodKey=1&aParameterKey=$parameter&fChartType=timeseries&MaxLegendEntries=12&IsStack=False&IsCategory=False&fTSShape=line&Context_Bootstrap_Flag=true&_=",
        "adapter": "trinidadtobago",
        "name": "trinidad-tobago",
        "country": "TT",
        "description": "AQ data from AQMIS site for Trinidad and Tobago",
        "sourceURL": "http://ei.weblakes.com/RTTPublic/DshBrdAQI",
        "contacts": [
            "info@openaq.org"
        ],
        "active": true
    }
]