[
    {
        "url": "http://opendata.epa.gov.tw/webapi/api/rest/datastore",
        "adapter": "taiwan",
        "name": "Taiwan",
        "city": "",
        "country": "TW",
        "description": "Taiwanese data from EPA",
        "sourceURL": "http://taqm.epa.gov.tw/taqm/en/",
        "contacts": [
            "info@openaq.org"
        ],
        "active": false,
        "notes": "Updated API. Working on updating the adapter"
    },
    {
        "url": "https://airtw.moenv.gov.tw/json/airlist/airlist_{i}_{dateStr}.json",
        "adapter": "taiwan",
        "name": "taiwan-moenv",
        "city": "",
        "country": "TW",
        "description": "Data from the Taiwan Ministry of Environment",
        "stationURL": "https://airtw.moenv.gov.tw/gis_ajax.aspx?Type=GetAQInfo&Layer=EPA&QueryTime=",
        "sourceURL": "https://airtw.moenv.gov.tw/",
				"sourceName": "Taiwan",
        "contacts": [
            "info@openaq.org"
        ],
        "active": true
    }
]
