[
    {
        "url": "http://dosairnowdata.org/dos/RSS/Hanoi/Hanoi-PM2.5.xml",
        "adapter": "stateair",
        "name": "StateAir_Hanoi",
        "city": "Hanoi",
        "country": "VN",
        "description": "",
        "sourceURL": "https://airnow.gov/",
        "contacts": [
            "info@openaq.org"
        ],
        "active": true
    },
    {
        "url": "http://dosairnowdata.org/dos/RSS/HoChiMinhCity/HoChiMinhCity-PM2.5.xml",
        "adapter": "stateair",
        "name": "Ho Chi Minh City",
        "city": "Ho Chi Minh City",
        "country": "VN",
        "description": "",
        "sourceURL": "https://airnow.gov/",
        "contacts": [
            "info@openaq.org"
        ],
        "active": true
    },
    {
        "url": "https://moitruongthudo.vn/api/site",
        "adapter": "hanoi",
        "name": "hanoi-aqmn",
        "city": "Hanoi",
        "country": "VN",
        "description": "Data from the Hanoi Air Quality Monitoring Network",
        "sourceURL": "https://moitruongthudo.vn/",
        "contacts": [
            "info@openaq.org"
        ],
        "active": true
    }
]
