[
    {
        "url": "http://dosairnowdata.org/dos/RSS/Pristina/Pristina-PM2.5.xml",
        "adapter": "stateair",
        "name": "StateAir_Pristina",
        "city": "Pristina",
        "country": "XK",
        "description": "",
        "sourceURL": "https://airnow.gov",
        "contacts": [
            "info@openaq.org"
        ],
        "active": true
    },
    {
        "url": "https://airqualitykosova.rks-gov.net/dataservices/chart/AQStations/all?lang=en",
        "adapter": "kosovo",
        "name": "Kosovo",
        "city": "",
        "country": "XK",
        "description": "Kosovo data from airqualitykosovo.rks-gov.net",
        "sourceURL": "https://airqualitykosova.rks-gov.net/en/",
        "contacts": [
            "info@openaq.org"
        ],
        "active": false
    }
]
