[
  {
    "url": "http://live.rbcaa.org.za/",
    "adapter": "envista",
    "name": "Richards Bay",
    "city": "Richards Bay",
    "country": "ZA",
    "description": "",
    "resolution": "15 min",
    "sourceURL": "http://live.rbcaa.org.za/",
    "timezone": "Africa/Johannesburg",
    "organization": "Richards Bay Clean Air Association",
    "contacts": [
      "info@openaq.org"
    ],
    "active": false
  },
  {
    "url": "http://saaqis.environment.gov.za/ajax/getAllStationsWithoutFiltering",
    "adapter": "southafrica",
    "name": "South Africa",
    "country": "ZA",
    "description": "Air Quality data from South African Department Enviromental Affairs",
    "sourceURL": "http://saaqis.environment.gov.za",
    "contacts": [
        "info@openaq.org"
    ],
    "active": false
  }
]
